Iteration,Total LLM Calls,Total Tool Calls,BUILD LLM,BUILD Tools,MEASURE LLM,MEASURE Tools,LEARN LLM,LEARN Tools,BUILD: Coordinator,BUILD: Developer,BUILD: Strategist,BUILD: Reviewer,MEASURE: Sarah (Founder),MEASURE: Marcus (VC),MEASURE: Priya (Journalist),LEARN: Strategic Coord,LEARN: Summarizer
1,44,28,38,28,5,0,1,0,8,16,4,4,1,1,1,1,0
2,42,29,36,29,5,0,1,0,10,21,0,0,1,1,1,1,0
3,56,42,50,42,5,0,1,0,23,14,7,3,1,1,1,1,0
4,55,36,49,36,5,0,1,0,13,25,0,0,1,1,1,1,0
5,32,20,26,20,5,0,1,0,13,0,7,3,1,1,1,1,0
6,42,27,36,27,5,0,1,0,19,7,0,5,1,1,1,1,0
7,25,13,19,13,5,0,1,0,8,8,0,0,1,1,1,1,0
8,66,55,60,55,5,0,1,0,16,20,13,4,1,1,1,1,0
9,45,32,39,32,5,0,1,0,14,8,8,4,1,1,1,1,0
10,58,40,52,40,5,0,1,0,16,12,13,4,1,1,1,1,0
11,56,44,50,44,5,0,1,0,20,12,9,4,1,1,1,1,0
12,76,62,70,62,5,0,1,0,16,31,9,5,1,1,1,1,0
13,71,54,65,54,5,0,1,0,13,24,13,4,1,1,1,1,0
14,50,34,44,34,5,0,1,0,17,0,13,7,1,1,1,1,0
15,57,36,51,36,5,0,1,0,19,18,0,5,1,1,1,1,0
16,60,47,54,47,5,0,1,0,16,13,13,5,1,1,1,1,0
17,51,40,45,40,5,0,1,0,20,18,0,4,1,1,1,1,0
18,57,41,51,41,5,0,1,0,21,16,0,3,1,1,1,1,0
19,79,52,73,52,5,0,1,0,19,32,0,7,1,1,1,1,0
20,47,33,40,33,5,0,2,0,16,15,0,4,1,1,1,1,1
21,49,35,43,35,5,0,1,0,18,5,10,5,1,1,1,1,0
22,50,35,45,35,4,0,1,0,13,12,10,5,1,1,1,1,0
23,68,55,62,55,5,0,1,0,20,25,8,4,1,1,1,1,0
24,59,43,53,43,5,0,1,0,22,11,11,4,1,1,1,1,0
25,59,41,53,41,5,0,1,0,20,24,0,0,1,1,1,1,0
26,49,37,43,37,5,0,1,0,12,16,0,6,1,1,1,1,0
27,54,44,48,44,5,0,1,0,22,9,8,4,1,1,1,1,0
28,30,16,24,16,5,0,1,0,15,0,0,4,1,1,1,1,0
29,81,58,75,58,5,0,1,0,24,34,0,4,1,1,1,1,0
30,30,23,30,23,0,0,0,0,8,15,0,0,0,0,0,0,0
